batch,heads,n,d,causal,implementation,median_us,min_us,max_us,useful_tflops,max_abs,rmse
1,1,64,64,False,cute_s2,3.1539198756217957,3.1334400177001953,3.2051199674606323,0.3324675455787453,0.0003066062927246094,5.179278741707094e-05
1,1,64,64,False,cute_s3,3.1632000207901,3.1436800956726074,3.3670398592948914,0.33149215765940976,0.0003066062927246094,5.179278741707094e-05
1,1,64,64,False,official_fa2,8.509439826011658,8.488960266113281,8.601599931716919,0.12322503260375761,0.0003066062927246094,5.181430606171489e-05
1,1,64,64,True,cute_s2,2.6316800713539124,2.590720057487488,2.887679934501648,0.20233462486420573,0.0009429454803466797,7.987529534148052e-05
1,1,64,64,True,cute_s3,2.6316800713539124,2.590720057487488,2.836480140686035,0.20233462486420573,0.0009429454803466797,7.987529534148052e-05
1,1,64,64,True,official_fa2,6.717439889907837,6.686720252037048,41.78944110870361,0.07926829398205536,0.0009429454803466797,7.982746319612488e-05
1,1,128,64,False,cute_s2,3.652159869670868,3.604480028152466,3.9628800749778748,1.1484447969628422,0.0001894235610961914,3.636307883425616e-05
1,1,128,64,False,cute_s3,3.7887999415397644,3.758080005645752,4.3007999658584595,1.1070270441081773,0.0001894235610961914,3.636307883425616e-05
1,1,128,64,False,official_fa2,6.318079829216003,6.265280246734619,10.926079750061035,0.6638573923369471,0.0001894235610961914,3.6991496017435566e-05
1,1,128,64,True,cute_s2,3.7990400195121765,3.768320083618164,8.762239813804626,0.5563342289485523,0.0006561279296875,6.382175342878327e-05
1,1,128,64,True,cute_s3,3.9609599113464355,3.911679983139038,4.147199988365173,0.5335918684623983,0.0006561279296875,6.382175342878327e-05
1,1,128,64,True,official_fa2,6.379520297050476,6.34880006313324,7.175999879837036,0.33130014508726896,0.0006561279296875,6.383877189364284e-05
1,1,192,64,False,cute_s2,4.761599898338318,4.7411200404167175,39.93599891662598,1.9819355261859248,0.00015312433242797852,3.097650915151462e-05
1,1,192,64,False,cute_s3,4.904960095882416,4.89439994096756,5.232639908790588,1.9240083131200734,0.00015312433242797852,3.097650915151462e-05
1,1,192,64,False,official_fa2,11.028480529785156,10.994559526443481,11.089919805526733,0.8557102653001505,0.00015312433242797852,3.151635974063538e-05
1,1,192,64,True,cute_s2,4.976640045642853,4.94592010974884,5.0278401374816895,0.9530864110119311,0.0007236003875732422,5.7093424402410164e-05
1,1,192,64,True,cute_s3,5.140479803085327,5.120000243186951,5.222399830818176,0.9227091986925307,0.0007236003875732422,5.7093424402410164e-05
1,1,192,64,True,official_fa2,12.120959758758545,12.083200216293335,15.994880199432373,0.39131950723395564,0.0007236003875732422,5.744277950725518e-05
1,1,256,64,False,cute_s2,5.908480286598206,5.894399881362915,6.164479851722717,2.8395145936349473,0.00015625357627868652,2.738753209996503e-05
1,1,256,64,False,cute_s3,6.080639958381653,6.038399934768677,6.2566399574279785,2.7591201115063577,0.00015625357627868652,2.738753209996503e-05
1,1,256,64,False,official_fa2,10.463680028915405,10.45375943183899,10.854400396347046,1.6033762456074465,0.00016057491302490234,2.7675485398503952e-05
1,1,256,64,True,cute_s2,6.1849600076675415,6.174079775810242,6.38975977897644,1.3615894022855373,0.0006498098373413086,5.100559792481363e-05
1,1,256,64,True,cute_s3,6.34880006313324,6.29472017288208,40.50943851470947,1.3264515997128297,0.0006498098373413086,5.100559792481363e-05
1,1,256,64,True,official_fa2,10.516480207443237,10.485759973526001,11.192320585250854,0.800778952071779,0.0006498098373413086,5.109223275212571e-05
1,1,512,64,False,cute_s2,10.535680055618286,10.48192024230957,10.741759538650513,6.36967558294572,0.0001309812068939209,2.0073095583938994e-05
1,1,512,64,False,cute_s3,10.659840106964111,10.62559962272644,10.7315194606781,6.295485047299869,0.0001309812068939209,2.0073095583938994e-05
1,1,512,64,False,official_fa2,18.862080574035645,18.851840496063232,54.22080039978027,3.5578717701152147,0.00013655424118041992,2.0117835447308607e-05
1,1,512,64,True,cute_s2,11.02560043334961,11.007360219955444,11.06943964958191,3.0492641378793515,0.0005108118057250977,4.074041135027073e-05
1,1,512,64,True,cute_s3,11.242560148239136,11.19968056678772,11.753599643707275,2.990419224509617,0.0005108118057250977,4.074041135027073e-05
1,1,512,64,True,official_fa2,18.45247983932495,18.390400409698486,54.26176071166992,1.8219755985507649,0.0005108118057250977,4.077446646988392e-05
1,1,1024,64,False,cute_s2,19.803839921951294,19.742720127105713,20.285439491271973,13.554717522355672,0.00010231137275695801,1.456813515687827e-05
1,1,1024,64,False,cute_s3,19.94752049446106,19.874240159988403,20.108160972595215,13.457083855336204,0.00010231137275695801,1.456813515687827e-05
1,1,1024,64,False,official_fa2,35.635199546813965,35.583999156951904,70.95295906066895,7.532873659016735,0.00010231137275695801,1.4614512110711075e-05
1,1,1024,64,True,cute_s2,20.775680541992188,20.736000537872314,55.69536209106445,6.466637746400256,0.0008015632629394531,3.1113602744881064e-05
1,1,1024,64,True,cute_s3,20.96127986907959,20.907199382781982,57.09824085235596,6.409379619904825,0.0008015632629394531,3.1113602744881064e-05
1,1,1024,64,True,official_fa2,34.4268798828125,34.355199337005615,34.76480007171631,3.902439037673965,0.0008015632629394531,3.121456393273547e-05
1,1,2048,64,False,cute_s2,66.05760097503662,65.99679946899414,101.65247917175293,16.25462941661733,6.969273090362549e-05,1.0029191798821557e-05
1,1,2048,64,False,cute_s3,75.59167861938477,75.47840118408203,113.25440406799316,14.204497685604366,6.969273090362549e-05,1.0029191798821557e-05
1,1,2048,64,False,official_fa2,69.37600135803223,69.28383827209473,106.20927810668945,15.477136228401035,7.125735282897949e-05,1.0051142453448847e-05
1,1,2048,64,True,cute_s2,47.3686408996582,47.28831768035889,82.70848274230957,11.339422997966484,0.0006923675537109375,2.263628448417876e-05
1,1,2048,64,True,cute_s3,51.25120162963867,50.74783802032471,87.57247924804688,10.480399267153473,0.0006923675537109375,2.263628448417876e-05
1,1,2048,64,True,official_fa2,66.36544227600098,66.31423950195312,102.13376045227051,8.093565530177106,0.0006923675537109375,2.270628283440601e-05
1,1,4096,64,False,cute_s2,231.1782455444336,194.82624053955078,233.71648788452148,18.578596294323404,5.095452070236206e-05,7.221377927635331e-06
1,1,4096,64,False,cute_s3,261.0892868041992,224.22399520874023,297.9123115539551,16.450185867721792,5.095452070236206e-05,7.221377927635331e-06
1,1,4096,64,False,official_fa2,285.7062339782715,285.1840019226074,320.552978515625,15.032809176738652,4.304945468902588e-05,7.2147190621763e-06
1,1,4096,64,True,cute_s2,187.02335357666016,151.52128219604492,188.2931137084961,11.485239115443086,0.0005526542663574219,1.7267926523345523e-05
1,1,4096,64,True,cute_s3,184.94464874267578,148.7667179107666,187.09503173828125,11.614328668620459,0.0005526542663574219,1.7267926523345523e-05
1,1,4096,64,True,official_fa2,193.79999160766602,158.7712001800537,229.44768905639648,11.083632760668461,0.0005526542663574219,1.7339203623123467e-05
1,8,512,64,False,cute_s2,26.112000942230225,26.078081130981445,61.726717948913574,20.56031298358807,0.0001367330551147461,1.980082925001625e-05
1,8,512,64,False,cute_s3,31.201279163360596,31.129601001739502,31.590399742126465,17.20669557132911,0.0001367330551147461,1.980082925001625e-05
1,8,512,64,False,official_fa2,33.853440284729004,33.83296012878418,69.08927917480469,15.858681052341314,0.00015354156494140625,1.9876446458511055e-05
1,8,512,64,True,cute_s2,21.93376064300537,21.811199188232422,22.321600914001465,12.262363412166199,0.0009038448333740234,3.959688183385879e-05
1,8,512,64,True,cute_s3,24.093120098114014,23.992319107055664,25.0982403755188,11.163342186679007,0.0009038448333740234,3.959688183385879e-05
1,8,512,64,True,official_fa2,33.32864046096802,33.27744007110596,69.4271993637085,8.069928454327002,0.0009038448333740234,3.9696780731901526e-05
1,8,2048,64,False,cute_s2,380.6208038330078,378.9209747314453,418.04798126220703,22.568221456882625,8.375942707061768e-05,1.0340040716982912e-05
1,8,2048,64,False,cute_s3,488.6732864379883,449.9046325683594,494.37694549560547,17.578072774579724,8.375942707061768e-05,1.0340040716982912e-05
1,8,2048,64,False,official_fa2,441.1065673828125,402.94078826904297,444.53792572021484,19.473603947830732,7.799267768859863e-05,1.0364910849602893e-05
1,8,2048,64,True,cute_s2,240.82239151000977,205.86496353149414,277.524471282959,17.843292814494756,0.000978231430053711,2.335857971047517e-05
1,8,2048,64,True,cute_s3,283.40991973876953,248.45184326171875,321.2083053588867,15.16201144956669,0.000978231430053711,2.335857971047517e-05
1,8,2048,64,True,official_fa2,258.5702323913574,223.2524871826172,296.2841606140137,16.618558169898705,0.000978231430053711,2.341554318263661e-05
1,8,4096,64,False,cute_s2,1592.40966796875,1541.3247680664062,1631.3037109375,21.577197789704883,6.54458999633789e-05,7.357182767009363e-06
1,8,4096,64,False,cute_s3,1918.0316162109375,1883.9039611816406,1970.5958557128906,17.914062561636758,6.54458999633789e-05,7.357182767009363e-06
1,8,4096,64,False,official_fa2,1562.1632385253906,1548.011474609375,1599.4163513183594,21.994973073642416,6.656348705291748e-05,7.3622700256237295e-06
1,8,4096,64,True,cute_s2,887.2550201416016,851.8450927734375,895.3443145751953,19.367671185740384,0.0011734962463378906,1.7475227650720626e-05
1,8,4096,64,True,cute_s3,1051.0438537597656,1047.8169250488281,1053.644790649414,16.34952093248025,0.0011734962463378906,1.7475227650720626e-05
1,8,4096,64,True,official_fa2,890.6137847900391,856.0230255126953,904.6527862548828,19.294630042191766,0.0011734962463378906,1.7524249415146187e-05
4,8,512,64,False,cute_s2,88.53504180908203,88.30975532531738,126.61760330200195,24.255747827293717,0.00019431114196777344,1.9951445210608654e-05
4,8,512,64,False,cute_s3,147.38431930541992,111.65696144104004,149.93408203125,14.570638573495982,0.00019431114196777344,1.9951445210608654e-05
4,8,512,64,False,official_fa2,130.17087936401367,94.50495719909668,132.79232025146484,16.497419841458655,0.00019431114196777344,2.0040810341015458e-05
4,8,512,64,True,cute_s2,57.85600185394287,57.640957832336426,94.88384246826172,18.595114448384265,0.0010149478912353516,3.99295604438521e-05
4,8,512,64,True,cute_s3,74.8748779296875,74.74080085754395,112.3532772064209,14.368490550465864,0.0010149478912353516,3.99295604438521e-05
4,8,512,64,True,official_fa2,67.05920219421387,66.58048152923584,103.34207534790039,16.043122208406285,0.0010149478912353516,4.005027949460782e-05
4,8,2048,64,False,cute_s2,1612.3391723632812,1581.6499328613281,1712.9267883300781,21.310490346542483,0.00010919570922851562,1.035053537634667e-05
4,8,2048,64,False,cute_s3,1958.623046875,1889.2384338378906,1988.9024353027344,17.542803053819497,0.00010919570922851562,1.035053537634667e-05
4,8,2048,64,False,official_fa2,1566.1772155761719,1550.8668518066406,1657.0364379882812,21.938601855703535,0.00010919570922851562,1.0369318260927685e-05
4,8,2048,64,True,cute_s2,919.8592376708984,831.6006469726562,980.3148651123047,18.68574787107754,0.0012595653533935547,2.335178760404233e-05
4,8,2048,64,True,cute_s3,1101.0253143310547,1038.7945556640625,1156.6886138916016,15.61113769890295,0.0012595653533935547,2.335178760404233e-05
4,8,2048,64,True,official_fa2,863.4982299804688,832.7574157714844,921.4669036865234,19.905376983099057,0.0012595653533935547,2.3407625121762976e-05
